{"(1, -1, 1)": [1.584, -10.0, 0.0, 0.0], "(8, -1, 1)": [0.0, -0.2, 0.0, 2.5689600000000006], "(3, -1, 1)": [0.8, -0.05599999999999999, 0.0, 0.8], "(71, -1, 1)": [2.3858303784192003, 0.0, -18.0, 0.944], "(142, -1, 1)": [-10.0, 0.3577572548674562, -24.41008, -10.0], "(0, -1, 1)": [5.094063913508206, 0.0, -0.05599999999999999, 0.9598974076083732], "(321, -1, 1)": [2.7742702515200004, -0.009343999999999976, 0.05920000000000006, 0.8], "(194, -1, 1)": [1.4400000000000002, -0.05599999999999999, -18.0, -29.260800000000003], "(453, -1, 1)": [3.1238580865812486, -0.05599999999999999, -0.2, -24.256], "(42, -1, 1)": [0.0, -18.0, 0.0, 0.8], "(386, -1, 1)": [0.8, -0.05599999999999999, 0.0, 0.0], "(261, -1, 1)": [0.8, 0.0, 0.0, 0.8], "(2, -1, 1)": [3.129717128554949, -0.05599999999999999, -23.854046323456004, 0.0], "(76, -1, 1)": [-17.89389755229139, 0.8349155174003917, 0.0, 0.0], "(32, -1, 1)": [0.0, -10.0, 0.0, 1.4400000000000002], "(4, -1, 1)": [0.0, 0.0, -0.05599999999999999, 3.0763124093222807], "(128, -1, 1)": [1.9065600000000003, -0.2, 0.0, -10.0], "(96, -1, 1)": [0.0, 0.0, -0.2, 0.0], "(262, -1, 1)": [0.944, 0.0, 0.0, 0.0], "(203, -1, 1)": [-29.43500974848, 0.5802326964736002, -10.0, -17.9727552], "(40, -1, 1)": [0.0, 0.0, 0.0, 1.0592000000000001], "(387, -1, 1)": [0.8, 0.5802326964736002, -36.81237335040001, -17.950959360000002], "(263, -1, 1)": [1.584, 0.0, 0.0, 0.0], "(79, -1, 1)": [-9.71488, 0.0, -9.856000000000002, 2.2112], "(265, -1, 1)": [-17.740800000000004, -0.36000000000000004, 0.08512000000000004, 1.4400000000000002], "(417, -1, 1)": [0.8, -10.0, -0.05599999999999999, -10.0], "(160, -1, 1)": [0.944, -10.0, -0.05599999999999999, -10.0], "(258, -1, 1)": [0.8, 0.0, 0.0, 0.0], "(68, -1, 1)": [0.0, 0.0, 0.0, 1.1980160000000002], "(65, -1, 1)": [1.4400000000000002, 0.2293056000000001, 0.0, 1.0592000000000001], "(72, -1, 1)": [-17.53344, 1.4240448768652167, -0.31020019200000004, 4.954704877663259], "(73, -1, 1)": [-16.28476525750467, 0.6383869957754893, 0.4526657248392513, 6.536057744390735], "(256, -1, 1)": [4.548859004747351, 0.0, 1.7015550456661104, 0.0], "(138, -1, 1)": [-10.0, 0.014400000000000066, -10.0, -18.010080000000002], "(393, -1, 0)": [-38.733041920767356, 2.042272585939779, 3.79614835844711, -32.155021608923775], "(224, -1, 0)": [5.651993613762575, 0.0, -0.1228577336052965, -9.053052455236283]}