{"(32, 1, -1)": [-18.0, -10.0, 1.4400000000000002, -0.05599999999999999], "(4, 1, -1)": [0.0, 0.0, 1.4400000000000002, 0.0], "(262, 1, -1)": [-18.0, 1.4400000000000002, -10.0, -0.05599999999999999], "(391, 1, -1)": [-0.05599999999999999, 3.876358748310426, -17.419448194560005, 0.0], "(451, 1, -1)": [0.6416380892160002, 3.7593861265561044, -17.64817344, 0.0], "(225, 1, -1)": [1.089662943195999, 0.0, 1.4400000000000002, -17.803860670224722], "(271, 1, -1)": [-10.0, 1.4400000000000002, -17.740800000000004, -0.0038606702247201865], "(135, 1, -1)": [-0.05599999999999999, 11.149212682717598, -38.20623256852352, -15.74407181292922], "(327, 1, -1)": [5.500775363417939, 12.290523921654309, -38.00297297870543, 4.917837297376801], "(40, 1, -1)": [-15.128972292963068, -8.931414435134112, 11.134298398389179, 0.0], "(163, 1, -1)": [9.61394338739752, -36.601001145186764, -41.05395978769594, -38.90187424907132]}