{"(2, -1, -1)": [2.4062396544, -18.0, 0.0, -18.0], "(4, -1, -1)": [0.8, 0.0, 0.0, 0.0], "(8, -1, -1)": [-10.0, 0.0, 1.4400000000000002, -10.0], "(67, -1, -1)": [1.954592, 0.0, -9.7408, -0.05599999999999999], "(134, -1, -1)": [1.584, 0.014400000000000066, -17.9953344, 0.0], "(325, -1, -1)": [1.4400000000000002, 0.0, 0.0, 0.0], "(130, -1, -1)": [1.4400000000000002, -0.05599999999999999, -29.52, -10.0], "(332, -1, -1)": [0.0, 0.0, 1.4400000000000002, 0.0], "(98, -1, -1)": [1.4400000000000002, -10.0, -10.0, -0.05599999999999999], "(132, -1, -1)": [1.4400000000000002, -0.05599999999999999, 0.0, 0.0], "(264, -1, -1)": [0.0, -0.05599999999999999, 0.8, 0.0], "(66, -1, -1)": [1.954592, 0.0, -18.0, 0.0], "(196, -1, -1)": [0.0, 0.014400000000000066, 1.954592, -9.7408], "(32, -1, -1)": [1.584, -10.0, 0.0, 0.014400000000000066], "(64, -1, -1)": [1.4400000000000002, -0.05599999999999999, 0.0, 0.0], "(128, -1, -1)": [0.0, -0.05599999999999999, 1.584, 0.0], "(0, -1, -1)": [0.8, 0.0, 0.0, 0.0], "(65, -1, -1)": [0.944, 0.0, 0.0, 0.0], "(332, 0, -1)": [0.0, 0.0, 0.8, -0.2], "(41, 0, -1)": [-10.0, 0.0, 0.8, -0.2], "(69, 0, -1)": [-0.21600000000000003, 0.20063808000000008, 0.8, -0.2], "(328, 0, -1)": [0.0, -0.05599999999999999, 0.0, -0.2], "(169, 0, -1)": [0.0, 0.0, 0.8, 0.0], "(194, 1, -1)": [0.0, 1.4400000000000002, 0.0, 0.0], "(96, 0, -1)": [-0.21600000000000003, 0.0, 0.8, 0.0], "(200, 1, -1)": [0.0, 1.4400000000000002, 0.0, -10.0], "(257, 0, -1)": [0.0, 0.0, 0.8, 0.0], "(8, 0, -1)": [0.0, 0.0, 0.8, 0.0], "(68, 0, -1)": [0.0, -0.11359999999999998, 0.8, 0.0], "(34, -1, -1)": [4.25541778439628, -16.90284918796741, -27.533501515355134, 0.36751934722048], "(33, 0, -1)": [0.0, 0.0, 0.8, 0.0], "(264, 0, -1)": [-10.0, -0.21600000000000003, 0.0, 0.0], "(160, -1, -1)": [0.0, -29.260800000000003, 4.391102645913602, -17.291005023744003], "(260, -1, -1)": [3.6308358443112594, -0.05599999999999999, 1.1513600000000002, 1.0355336745984005], "(65, 0, -1)": [-0.2, 0.7354231994060803, 3.1149841854099605, -0.2], "(195, 1, -1)": [0.0, 0.8, 0.0, -10.0], "(13, 0, -1)": [0.0, 1.783941483721179, 40.800000000000004, 0.1389548698413225], "(111, 0, 0)": [0.0, 0.0, 0.0, 0.0]}