{"(0, 1, 1)": [4.2455282521613995, 13.168329404552509, -16.135428200394955, 4.547669602725965], "(32, 1, 1)": [6.303146233291305, -37.676659815321514, -35.74494181353728, 11.475173463200079], "(68, 1, 1)": [0.0, 0.8, -0.05599999999999999, 0.0], "(262, 1, 1)": [0.0, 2.7795183510579204, -10.0, 1.4400000000000002], "(131, 1, 1)": [0.589458042825626, 0.0, -9.9705976192, -9.9705976192], "(96, 1, 1)": [0.0, 0.0, 0.5456508984077276, 0.8], "(204, 1, 1)": [0.0, 1.4400000000000002, 0.0, -10.0], "(322, 1, 1)": [-0.05599999999999999, 1.4400000000000002, -10.0, 0.0], "(417, 1, 1)": [-0.05599999999999999, -10.0, -0.2, -10.0], "(264, 1, 1)": [-9.856000000000002, 1.4400000000000002, 0.0, 0.0], "(128, 1, 1)": [-0.05599999999999999, 0.0, 1.3152081084202691, -10.0], "(388, 1, 1)": [2.2017599242119408, 5.427402277678697, 8.789769894675446, -35.982536868958725], "(256, 1, 1)": [2.298332062158337, 4.113959493655455, 6.217092318741944, 0.944], "(8, 1, 1)": [0.0, 0.0, 0.0, 0.8], "(65, 1, 1)": [0.0, 1.3979110400000003, 0.0, 0.0], "(226, 1, 1)": [4.643727563240731, -17.239985679077158, -18.0, -23.412059957242082]}